"","Monoxide","Site"
"1",0.1059999987,1
"2",0.1270000041,1
"3",0.1319999993,1
"4",0.1049999967,1
"5",0.1169999987,1
"6",0.1089999974,1
"7",0.1070000008,1
"8",0.1089999974,1
"9",0.1220000014,2
"10",0.1190000027,2
"11",0.1150000021,2
"12",0.1199999973,2
"13",0.1169999987,2
"14",0.1350000054,2
"15",0.1180000007,2
"16",0.1420000046,2
"17",0.1190000027,3
"18",0.1099999994,3
"19",0.1059999987,3
"20",0.1080000028,3
"21",0.1049999967,3
"22",0.1209999993,3
"23",0.1089999974,3
"24",0.1340000033,3
