"","Private","Public"
"1",21.29999924,15.30000019
"2",16.79999924,17.39999962
"3",8.5,12.30000019
"4",12.60000038,10.69999981
"5",15.80000019,16.39999962
"6",19.29999924,11.30000019
"7",18.5,17.60000038
"8",24.60000038,13.89999962
"9",18.29999924,20.20000076
"10",12.89999962,16.79999924
"11",15.69999981,23.60000038
"12",18.39999962,14.19999981
"13",18.70000076,5.699999809
"14",22.60000038,18.79999924
"15",20.5,9.399999619
